7
Lazar lazar@info.uaic.ro 2 
1 7
Gabor gabor@info.uaic.ro 2 
1 2 3 4 5 6
Groza groza@info.uaic.ro 2 
2 1 4
Lupu lupu@info.uaic.ro 2 
2
Miron miron@info.uaic.ro 2 
1 2 3 4
Pirau pirau@info.uaic.ro 2 
2 3 4 5 6
Matei matei@info.uaic.ro 2 
5 3 8
8
2 Java
1 TW
1 PA
1 SO
1 Retele
1 ML
1 SD
1 Mate
3
3 Buraga busaco@info.uaic.ro 212
7 4 1 3 2 5 6
1 2 3
2 Frasinaru acf@info.uaic.ro 212
3 2 6 7 5
4 5 6
2 Iacob fliacob@info.uaic.ro 301
1 7
7 8


